[
    {
        "model": "market_app.profile",
        "pk": 1,
        "fields": {
            "user": 1,
            "photo": "",
            "cityX": 0.0,
            "cityY": 0.0
        }
    },
    {
        "model": "market_app.profile",
        "pk": 2,
        "fields": {
            "user": 2,
            "photo": "profile_pics/2_QIuNmgp.jpg",
            "cityX": 0.0,
            "cityY": 0.0
        }
    },
    {
        "model": "market_app.profile",
        "pk": 3,
        "fields": {
            "user": 3,
            "photo": "profile_pics/3_2fOmrNb.jpg",
            "cityX": 0.0,
            "cityY": 0.0
        }
    },
    {
        "model": "market_app.profile",
        "pk": 4,
        "fields": {
            "user": 4,
            "photo": "profile_pics/4_RBbX6sE.jpg",
            "cityX": 0.0,
            "cityY": 0.0
        }
    },
    {
        "model": "market_app.category",
        "pk": 0,
        "fields": {
            "name": "Appliances"
        }
    },
    {
        "model": "market_app.category",
        "pk": 1,
        "fields": {
            "name": "Apps & Games"
        }
    },
    {
        "model": "market_app.category",
        "pk": 2,
        "fields": {
            "name": "Arts, Crafts, & Sewing"
        }
    },
    {
        "model": "market_app.category",
        "pk": 3,
        "fields": {
            "name": "Automotive Parts & Accessories"
        }
    },
    {
        "model": "market_app.category",
        "pk": 4,
        "fields": {
            "name": "Baby"
        }
    },
    {
        "model": "market_app.category",
        "pk": 5,
        "fields": {
            "name": "Beauty & Personal Care"
        }
    },
    {
        "model": "market_app.category",
        "pk": 6,
        "fields": {
            "name": "Books"
        }
    },
    {
        "model": "market_app.category",
        "pk": 7,
        "fields": {
            "name": "CDs & Vinyl"
        }
    },
    {
        "model": "market_app.category",
        "pk": 8,
        "fields": {
            "name": "Cell Phones & Accessories"
        }
    },
    {
        "model": "market_app.category",
        "pk": 9,
        "fields": {
            "name": "Clothing, Shoes and Jewelry"
        }
    },
    {
        "model": "market_app.category",
        "pk": 10,
        "fields": {
            "name": "Collectibles & Fine Art"
        }
    },
    {
        "model": "market_app.category",
        "pk": 11,
        "fields": {
            "name": "Computers"
        }
    },
    {
        "model": "market_app.category",
        "pk": 12,
        "fields": {
            "name": "Electronics"
        }
    },
    {
        "model": "market_app.category",
        "pk": 13,
        "fields": {
            "name": "Garden & Outdoor"
        }
    },
    {
        "model": "market_app.category",
        "pk": 14,
        "fields": {
            "name": "Grocery & Gourmet Food"
        }
    },
    {
        "model": "market_app.category",
        "pk": 15,
        "fields": {
            "name": "Handmade"
        }
    },
    {
        "model": "market_app.category",
        "pk": 16,
        "fields": {
            "name": "Health, Household & Baby Care"
        }
    },
    {
        "model": "market_app.category",
        "pk": 17,
        "fields": {
            "name": "Home & Kitchen"
        }
    },
    {
        "model": "market_app.category",
        "pk": 18,
        "fields": {
            "name": "Industrial & Scientific"
        }
    },
    {
        "model": "market_app.category",
        "pk": 19,
        "fields": {
            "name": "Kindle"
        }
    },
    {
        "model": "market_app.category",
        "pk": 20,
        "fields": {
            "name": "Luggage & Travel Gear"
        }
    },
    {
        "model": "market_app.category",
        "pk": 21,
        "fields": {
            "name": "Movies & TV"
        }
    },
    {
        "model": "market_app.category",
        "pk": 22,
        "fields": {
            "name": "Musical Instruments"
        }
    },
    {
        "model": "market_app.category",
        "pk": 23,
        "fields": {
            "name": "Office Products"
        }
    },
    {
        "model": "market_app.category",
        "pk": 24,
        "fields": {
            "name": "Pet Supplies"
        }
    },
    {
        "model": "market_app.category",
        "pk": 25,
        "fields": {
            "name": "Sports & Outdoors"
        }
    },
    {
        "model": "market_app.category",
        "pk": 26,
        "fields": {
            "name": "Tools & Home Improvement"
        }
    },
    {
        "model": "market_app.category",
        "pk": 27,
        "fields": {
            "name": "Toys & Games"
        }
    },
    {
        "model": "market_app.category",
        "pk": 28,
        "fields": {
            "name": "Video Games"
        }
    },
    {
        "model": "market_app.review",
        "pk": 1,
        "fields": {
            "stars": 6.0,
            "userReviewed": 1,
            "userReviewer": 1,
            "dateReviewed": "2022-12-19T00:26:02.087Z"
        }
    },
    {
        "model": "market_app.review",
        "pk": 2,
        "fields": {
            "stars": 6.0,
            "userReviewed": 1,
            "userReviewer": 2,
            "dateReviewed": "2022-12-23T23:47:01.980Z"
        }
    },
    {
        "model": "market_app.review",
        "pk": 3,
        "fields": {
            "stars": 4.0,
            "userReviewed": 1,
            "userReviewer": 2,
            "dateReviewed": "2022-12-23T23:47:12.521Z"
        }
    },
    {
        "model": "market_app.review",
        "pk": 4,
        "fields": {
            "stars": 4.0,
            "userReviewed": 2,
            "userReviewer": 4,
            "dateReviewed": "2022-12-23T23:47:20.076Z"
        }
    },
    {
        "model": "market_app.product",
        "pk": 1,
        "fields": {
            "name": "title of the product",
            "description": "usual product description",
            "userSelling": 1,
            "price": 60.0,
            "category": 1,
            "dateCreated": "2022-12-19T00:12:11.837Z"
        }
    },
    {
        "model": "market_app.product",
        "pk": 2,
        "fields": {
            "name": "title of the product",
            "description": "Lorem Ipsum is simply dummy text of the printing and typesetting industry. Lorem Ipsum has been the industry's standard dummy text ever since the 1500s, when an unknown printer took a galley of type and scrambled it to make a type specimen book. It has survived not only five centuries, but also the leap into electronic typesetting, remaining essentially unchanged. It was popularised in the 1960s with the release of Letraset sheets containing Lorem Ipsum passages, and more recently with desktop publishing software like Aldus PageMaker including versions of Lorem Ipsum.",
            "userSelling": 2,
            "price": 60.0,
            "category": 1,
            "dateCreated": "2022-12-23T23:45:19.220Z"
        }
    },
    {
        "model": "market_app.product",
        "pk": 3,
        "fields": {
            "name": "title of the product number 2",
            "description": "Lorem Ipsum is simply dummy text of the printing and typesetting industry. Lorem Ipsum has been the industry's standard dummy text ever since the 1500s, when an unknown printer took a galley of type and scrambled it to make a type specimen book. It has survived not only five centuries, but also the leap into electronic typesetting, remaining essentially unchanged. It was popularised in the 1960s with the release of Letraset sheets containing Lorem Ipsum passages, and more recently with desktop publishing software like Aldus PageMaker including versions of Lorem Ipsum.",
            "userSelling": 2,
            "price": 14.0,
            "category": 3,
            "dateCreated": "2022-12-23T23:45:34.947Z"
        }
    },
    {
        "model": "market_app.product",
        "pk": 4,
        "fields": {
            "name": "title of the product number 3",
            "description": "Lorem Ipsum is simply dummy text of the printing and typesetting industry. Lorem Ipsum has been the industry's standard dummy text ever since the 1500s, when an unknown printer took a galley of type and scrambled it to make a type specimen book. It has survived not only five centuries, but also the leap into electronic typesetting, remaining essentially unchanged. It was popularised in the 1960s with the release of Letraset sheets containing Lorem Ipsum passages, and more recently with desktop publishing software like Aldus PageMaker including versions of Lorem Ipsum.",
            "userSelling": 2,
            "price": 432.0,
            "category": 15,
            "dateCreated": "2022-12-23T23:45:47.736Z"
        }
    },
    {
        "model": "market_app.productimage",
        "pk": 1,
        "fields": {
            "product": 1,
            "image": "product_pics/1_ehOiD0B.jpg"
        }
    },
    {
        "model": "market_app.productimage",
        "pk": 2,
        "fields": {
            "product": 1,
            "image": "product_pics/1_1XSK3cs.jpg"
        }
    },
    {
        "model": "market_app.productimage",
        "pk": 3,
        "fields": {
            "product": 2,
            "image": "product_pics/2_rw1qh1Q.jpg"
        }
    },
    {
        "model": "market_app.productimage",
        "pk": 4,
        "fields": {
            "product": 3,
            "image": "product_pics/3_BB6upbA.jpg"
        }
    },
    {
        "model": "market_app.productimage",
        "pk": 5,
        "fields": {
            "product": 3,
            "image": "product_pics/3_gIU5UGb.jpg"
        }
    },
    {
        "model": "auth.permission",
        "pk": 1,
        "fields": {
            "name": "Can add profile",
            "content_type": 1,
            "codename": "add_profile"
        }
    },
    {
        "model": "auth.permission",
        "pk": 2,
        "fields": {
            "name": "Can change profile",
            "content_type": 1,
            "codename": "change_profile"
        }
    },
    {
        "model": "auth.permission",
        "pk": 3,
        "fields": {
            "name": "Can delete profile",
            "content_type": 1,
            "codename": "delete_profile"
        }
    },
    {
        "model": "auth.permission",
        "pk": 4,
        "fields": {
            "name": "Can view profile",
            "content_type": 1,
            "codename": "view_profile"
        }
    },
    {
        "model": "auth.permission",
        "pk": 5,
        "fields": {
            "name": "Can add message",
            "content_type": 2,
            "codename": "add_message"
        }
    },
    {
        "model": "auth.permission",
        "pk": 6,
        "fields": {
            "name": "Can change message",
            "content_type": 2,
            "codename": "change_message"
        }
    },
    {
        "model": "auth.permission",
        "pk": 7,
        "fields": {
            "name": "Can delete message",
            "content_type": 2,
            "codename": "delete_message"
        }
    },
    {
        "model": "auth.permission",
        "pk": 8,
        "fields": {
            "name": "Can view message",
            "content_type": 2,
            "codename": "view_message"
        }
    },
    {
        "model": "auth.permission",
        "pk": 9,
        "fields": {
            "name": "Can add category",
            "content_type": 3,
            "codename": "add_category"
        }
    },
    {
        "model": "auth.permission",
        "pk": 10,
        "fields": {
            "name": "Can change category",
            "content_type": 3,
            "codename": "change_category"
        }
    },
    {
        "model": "auth.permission",
        "pk": 11,
        "fields": {
            "name": "Can delete category",
            "content_type": 3,
            "codename": "delete_category"
        }
    },
    {
        "model": "auth.permission",
        "pk": 12,
        "fields": {
            "name": "Can view category",
            "content_type": 3,
            "codename": "view_category"
        }
    },
    {
        "model": "auth.permission",
        "pk": 13,
        "fields": {
            "name": "Can add review",
            "content_type": 4,
            "codename": "add_review"
        }
    },
    {
        "model": "auth.permission",
        "pk": 14,
        "fields": {
            "name": "Can change review",
            "content_type": 4,
            "codename": "change_review"
        }
    },
    {
        "model": "auth.permission",
        "pk": 15,
        "fields": {
            "name": "Can delete review",
            "content_type": 4,
            "codename": "delete_review"
        }
    },
    {
        "model": "auth.permission",
        "pk": 16,
        "fields": {
            "name": "Can view review",
            "content_type": 4,
            "codename": "view_review"
        }
    },
    {
        "model": "auth.permission",
        "pk": 17,
        "fields": {
            "name": "Can add product",
            "content_type": 5,
            "codename": "add_product"
        }
    },
    {
        "model": "auth.permission",
        "pk": 18,
        "fields": {
            "name": "Can change product",
            "content_type": 5,
            "codename": "change_product"
        }
    },
    {
        "model": "auth.permission",
        "pk": 19,
        "fields": {
            "name": "Can delete product",
            "content_type": 5,
            "codename": "delete_product"
        }
    },
    {
        "model": "auth.permission",
        "pk": 20,
        "fields": {
            "name": "Can view product",
            "content_type": 5,
            "codename": "view_product"
        }
    },
    {
        "model": "auth.permission",
        "pk": 21,
        "fields": {
            "name": "Can add product image",
            "content_type": 6,
            "codename": "add_productimage"
        }
    },
    {
        "model": "auth.permission",
        "pk": 22,
        "fields": {
            "name": "Can change product image",
            "content_type": 6,
            "codename": "change_productimage"
        }
    },
    {
        "model": "auth.permission",
        "pk": 23,
        "fields": {
            "name": "Can delete product image",
            "content_type": 6,
            "codename": "delete_productimage"
        }
    },
    {
        "model": "auth.permission",
        "pk": 24,
        "fields": {
            "name": "Can view product image",
            "content_type": 6,
            "codename": "view_productimage"
        }
    },
    {
        "model": "auth.permission",
        "pk": 25,
        "fields": {
            "name": "Can add log entry",
            "content_type": 7,
            "codename": "add_logentry"
        }
    },
    {
        "model": "auth.permission",
        "pk": 26,
        "fields": {
            "name": "Can change log entry",
            "content_type": 7,
            "codename": "change_logentry"
        }
    },
    {
        "model": "auth.permission",
        "pk": 27,
        "fields": {
            "name": "Can delete log entry",
            "content_type": 7,
            "codename": "delete_logentry"
        }
    },
    {
        "model": "auth.permission",
        "pk": 28,
        "fields": {
            "name": "Can view log entry",
            "content_type": 7,
            "codename": "view_logentry"
        }
    },
    {
        "model": "auth.permission",
        "pk": 29,
        "fields": {
            "name": "Can add permission",
            "content_type": 8,
            "codename": "add_permission"
        }
    },
    {
        "model": "auth.permission",
        "pk": 30,
        "fields": {
            "name": "Can change permission",
            "content_type": 8,
            "codename": "change_permission"
        }
    },
    {
        "model": "auth.permission",
        "pk": 31,
        "fields": {
            "name": "Can delete permission",
            "content_type": 8,
            "codename": "delete_permission"
        }
    },
    {
        "model": "auth.permission",
        "pk": 32,
        "fields": {
            "name": "Can view permission",
            "content_type": 8,
            "codename": "view_permission"
        }
    },
    {
        "model": "auth.permission",
        "pk": 33,
        "fields": {
            "name": "Can add group",
            "content_type": 9,
            "codename": "add_group"
        }
    },
    {
        "model": "auth.permission",
        "pk": 34,
        "fields": {
            "name": "Can change group",
            "content_type": 9,
            "codename": "change_group"
        }
    },
    {
        "model": "auth.permission",
        "pk": 35,
        "fields": {
            "name": "Can delete group",
            "content_type": 9,
            "codename": "delete_group"
        }
    },
    {
        "model": "auth.permission",
        "pk": 36,
        "fields": {
            "name": "Can view group",
            "content_type": 9,
            "codename": "view_group"
        }
    },
    {
        "model": "auth.permission",
        "pk": 37,
        "fields": {
            "name": "Can add user",
            "content_type": 10,
            "codename": "add_user"
        }
    },
    {
        "model": "auth.permission",
        "pk": 38,
        "fields": {
            "name": "Can change user",
            "content_type": 10,
            "codename": "change_user"
        }
    },
    {
        "model": "auth.permission",
        "pk": 39,
        "fields": {
            "name": "Can delete user",
            "content_type": 10,
            "codename": "delete_user"
        }
    },
    {
        "model": "auth.permission",
        "pk": 40,
        "fields": {
            "name": "Can view user",
            "content_type": 10,
            "codename": "view_user"
        }
    },
    {
        "model": "auth.permission",
        "pk": 41,
        "fields": {
            "name": "Can add content type",
            "content_type": 11,
            "codename": "add_contenttype"
        }
    },
    {
        "model": "auth.permission",
        "pk": 42,
        "fields": {
            "name": "Can change content type",
            "content_type": 11,
            "codename": "change_contenttype"
        }
    },
    {
        "model": "auth.permission",
        "pk": 43,
        "fields": {
            "name": "Can delete content type",
            "content_type": 11,
            "codename": "delete_contenttype"
        }
    },
    {
        "model": "auth.permission",
        "pk": 44,
        "fields": {
            "name": "Can view content type",
            "content_type": 11,
            "codename": "view_contenttype"
        }
    },
    {
        "model": "auth.permission",
        "pk": 45,
        "fields": {
            "name": "Can add session",
            "content_type": 12,
            "codename": "add_session"
        }
    },
    {
        "model": "auth.permission",
        "pk": 46,
        "fields": {
            "name": "Can change session",
            "content_type": 12,
            "codename": "change_session"
        }
    },
    {
        "model": "auth.permission",
        "pk": 47,
        "fields": {
            "name": "Can delete session",
            "content_type": 12,
            "codename": "delete_session"
        }
    },
    {
        "model": "auth.permission",
        "pk": 48,
        "fields": {
            "name": "Can view session",
            "content_type": 12,
            "codename": "view_session"
        }
    },
    {
        "model": "auth.user",
        "pk": 1,
        "fields": {
            "password": "pbkdf2_sha256$390000$i1wJ9gTiXZX0t5on81o3XL$eS3uXw/uqs6HYGU5Dy3pKSldTUq0sg4lcQt0SYvI/34=",
            "last_login": "2022-12-19T12:38:38.484Z",
            "is_superuser": false,
            "username": "user2",
            "first_name": "",
            "last_name": "",
            "email": "user2@gmail.com",
            "is_staff": false,
            "is_active": true,
            "date_joined": "2022-12-19T00:11:36.568Z",
            "groups": [],
            "user_permissions": []
        }
    },
    {
        "model": "auth.user",
        "pk": 2,
        "fields": {
            "password": "pbkdf2_sha256$390000$PhWpKFDH7HuLV2qvUmOwQj$HQW5JA17m2SePeVraHUIJo5YnjsQjghcDxYXKe8GNMw=",
            "last_login": "2022-12-23T23:44:35.222Z",
            "is_superuser": false,
            "username": "user1",
            "first_name": "",
            "last_name": "",
            "email": "user1@gmail.com",
            "is_staff": false,
            "is_active": true,
            "date_joined": "2022-12-23T23:39:58.102Z",
            "groups": [],
            "user_permissions": []
        }
    },
    {
        "model": "auth.user",
        "pk": 3,
        "fields": {
            "password": "pbkdf2_sha256$390000$cJLhFEn3eb6oPAdkagosXy$HzjAyyRFGOLk8eDjuVEYrFf2O3i0CruxHuOBmVLTc2M=",
            "last_login": "2022-12-23T23:44:13.239Z",
            "is_superuser": false,
            "username": "user22",
            "first_name": "",
            "last_name": "",
            "email": "user22@gmail.com",
            "is_staff": false,
            "is_active": true,
            "date_joined": "2022-12-23T23:41:36.060Z",
            "groups": [],
            "user_permissions": []
        }
    },
    {
        "model": "auth.user",
        "pk": 4,
        "fields": {
            "password": "pbkdf2_sha256$390000$rHurMW9eAD4WkBoFJnN9sx$aKXoiWuRnztQixLgZhZjD9VggcqxhbHxEFbSPBgbgto=",
            "last_login": "2022-12-23T23:47:16.941Z",
            "is_superuser": false,
            "username": "user3",
            "first_name": "",
            "last_name": "",
            "email": "user3@gmail.com",
            "is_staff": false,
            "is_active": true,
            "date_joined": "2022-12-23T23:41:48.329Z",
            "groups": [],
            "user_permissions": []
        }
    },
    {
        "model": "contenttypes.contenttype",
        "pk": 1,
        "fields": {
            "app_label": "market_app",
            "model": "profile"
        }
    },
    {
        "model": "contenttypes.contenttype",
        "pk": 2,
        "fields": {
            "app_label": "market_app",
            "model": "message"
        }
    },
    {
        "model": "contenttypes.contenttype",
        "pk": 3,
        "fields": {
            "app_label": "market_app",
            "model": "category"
        }
    },
    {
        "model": "contenttypes.contenttype",
        "pk": 4,
        "fields": {
            "app_label": "market_app",
            "model": "review"
        }
    },
    {
        "model": "contenttypes.contenttype",
        "pk": 5,
        "fields": {
            "app_label": "market_app",
            "model": "product"
        }
    },
    {
        "model": "contenttypes.contenttype",
        "pk": 6,
        "fields": {
            "app_label": "market_app",
            "model": "productimage"
        }
    },
    {
        "model": "contenttypes.contenttype",
        "pk": 7,
        "fields": {
            "app_label": "admin",
            "model": "logentry"
        }
    },
    {
        "model": "contenttypes.contenttype",
        "pk": 8,
        "fields": {
            "app_label": "auth",
            "model": "permission"
        }
    },
    {
        "model": "contenttypes.contenttype",
        "pk": 9,
        "fields": {
            "app_label": "auth",
            "model": "group"
        }
    },
    {
        "model": "contenttypes.contenttype",
        "pk": 10,
        "fields": {
            "app_label": "auth",
            "model": "user"
        }
    },
    {
        "model": "contenttypes.contenttype",
        "pk": 11,
        "fields": {
            "app_label": "contenttypes",
            "model": "contenttype"
        }
    },
    {
        "model": "contenttypes.contenttype",
        "pk": 12,
        "fields": {
            "app_label": "sessions",
            "model": "session"
        }
    },
    {
        "model": "sessions.session",
        "pk": "ia39hc29233qgzbqpqn8aki5hlhtzcha",
        "fields": {
            "session_data": ".eJxVjEEOwiAQRe_C2hCGwgRcuvcMZBhAqgaS0q6Md9cmXej2v_f-SwTa1hq2kZcwJ3EWRpx-t0j8yG0H6U7t1iX3ti5zlLsiDzrktaf8vBzu30GlUb81EoN11oDxgFo71CW7iFpRSex95uinAoQTK1AWVdLeOgKHylg0wOL9AcE1NrA:1p8rky:7plU0DLr4dMrA4kGzsacSQNF74azybP7SOwEd5EuVWA",
            "expire_date": "2023-01-06T23:47:16.947Z"
        }
    }
]