{
  "project_info": {
    "project_number": "663506550405",
    "project_id": "computacao-movel-d6965",
    "storage_bucket": "computacao-movel-d6965.appspot.com"
  },
  "client": [
    {
      "client_info": {
        "mobilesdk_app_id": "1:663506550405:android:ecbee45e375403dfeb73ec",
        "android_client_info": {
          "package_name": "com.example.market"
        }
      },
      "oauth_client": [
        {
          "client_id": "663506550405-279ej3kpa8ik42k70boumkkbh8f3s35p.apps.googleusercontent.com",
          "client_type": 3
        }
      ],
      "api_key": [
        {
          "current_key": "AIzaSyDzrseVQrtBoqQ_uBqPux5xzg6_IFV71dY"
        }
      ],
      "services": {
        "appinvite_service": {
          "other_platform_oauth_client": [
            {
              "client_id": "663506550405-279ej3kpa8ik42k70boumkkbh8f3s35p.apps.googleusercontent.com",
              "client_type": 3
            }
          ]
        }
      }
    }
  ],
  "configuration_version": "1"
}